义乌市南轩松电子商务商行;https://mtx1913.1688.com;https://detail.1688.com/offer/648615343836.html
义乌市佩派帽业有限公司;https://shop1392742383331.1688.com;https://detail.1688.com/offer/621965350024.html
义乌市濋玖电子商务有限公司;https://shop1493743791850.1688.com;https://detail.1688.com/offer/651759549537.html
义乌市黛岚美电子商务商行;https://shop7r1833n023f09.1688.com;https://detail.1688.com/offer/640244515330.html
义乌市睿迪电子商务商行;https://shop5042g4gp39273.1688.com;https://detail.1688.com/offer/632267838201.html
义乌市曦鸿服饰有限公司;https://shop5481n8486eo12.1688.com;https://detail.1688.com/offer/641429597087.html
义乌市予画贸易有限公司;https://hancan.1688.com;https://detail.1688.com/offer/631233509402.html
义乌市辉宇贸易有限公司;https://shop2802373253181.1688.com;https://detail.1688.com/offer/655817230674.html
义乌市奈看贸易有限公司;https://shop3z8d3282z6039.1688.com;https://detail.1688.com/offer/650750366640.html
义乌市季诺电子商务商行;https://shop1421142251255.1688.com;https://detail.1688.com/offer/639108554219.html
义乌市嘟龙电子商务有限公司;https://shop1384793550809.1688.com;https://detail.1688.com/offer/615357396727.html
广州淳隆建材贸易有限公司;https://shop066e660cb3999.1688.com;https://detail.1688.com/offer/639572252158.html
义乌双硕服饰有限公司;https://shop6614f66b03101.1688.com;https://detail.1688.com/offer/643334625759.html
俞东;https://shop2282377525447.1688.com;https://detail.1688.com/offer/645606693362.html
义乌市美泉电子商务有限公司;https://shop53z90z1z31321.1688.com;https://detail.1688.com/offer/651364737724.html
皮皮豆妞湖北电子商务有限公司;https://shop243428k9604r6.1688.com;https://detail.1688.com/offer/648408320019.html
义乌市兆充电子商务商行;https://shop003641n56n930.1688.com;https://detail.1688.com/offer/650285409140.html
广州南沙区林革网络科技有限公司;https://shop0473349825684.1688.com;https://detail.1688.com/offer/646036499871.html
金华市越洪服饰有限公司;https://shop3c98311526i98.1688.com;https://detail.1688.com/offer/614732669784.html
义乌市曜发电子商务商行;https://shop21306d460x504.1688.com;https://detail.1688.com/offer/650623566604.html
义乌市嘉玟贸易有限公司;https://shop6p3iy47854759.1688.com;https://detail.1688.com/offer/639736211381.html
义乌市默凯电子商务商行;https://shop1456764746511.1688.com;https://detail.1688.com/offer/612757090005.html
杭州余杭区乔司街道奥谊贸易商行;https://shop43x4975252015.1688.com;https://detail.1688.com/offer/653785071832.html
义乌市酷路泽帽业有限公司;https://kuluze9.1688.com;https://detail.1688.com/offer/634795792808.html
义乌市划岩电子商务有限公司;https://taideng2000.1688.com;https://detail.1688.com/offer/611058975569.html
广州市梅香电子商务商行;https://shop1c961z1333580.1688.com;https://detail.1688.com/offer/648933121327.html
义乌市琅君针织有限公司;https://shop525r47426d7d2.1688.com;https://detail.1688.com/offer/641553975191.html
义乌市鸿燊商贸有限公司;https://shop94612458e4278.1688.com;https://detail.1688.com/offer/644109271087.html
义乌市良娥电子商务商行;https://shop1446223695970.1688.com;https://detail.1688.com/offer/644818634806.html
义乌市黑羊电子商务商行;https://heiyangweijin.1688.com;https://detail.1688.com/offer/643320702945.html
义乌市能香家居用品商行;https://nengxiangjiaju.1688.com;https://detail.1688.com/offer/652668438366.html
义乌市念卡电子商务商行;https://shop1559i0k364153.1688.com;https://detail.1688.com/offer/614821478388.html
义乌市纳邵服饰有限公司;https://shop393588350.1688.com;https://detail.1688.com/offer/618036984781.html
义乌市倪罗诗贸易有限公司;https://15215856213.1688.com;https://detail.1688.com/offer/613583510125.html
义乌市行拓电子商务商行;https://shop5431u28068v23.1688.com;https://detail.1688.com/offer/650181958507.html
义乌市娇葛电子商务商行;https://shop1393606444554.1688.com;https://detail.1688.com/offer/613255175369.html
义乌市火兴帽业有限公司;https://yhx26358.1688.com;https://detail.1688.com/offer/613379393527.html
青岛冠品帽业有限公司;https://guanpinzhimao.1688.com;https://detail.1688.com/offer/615630621200.html
义乌市涉趣电子商务商行;https://shop2m31653xf8265.1688.com;https://detail.1688.com/offer/643955561333.html
义乌市红禾贸易有限公司;https://honghefashion.1688.com;https://detail.1688.com/offer/640862013476.html
义乌市顺玛电子商务商行;https://shop54g0r57692404.1688.com;https://detail.1688.com/offer/640111246706.html
义乌市臻爱贸易有限公司;https://shop9f10879ft5245.1688.com;https://detail.1688.com/offer/614777843475.html
义乌市司辰针织厂;https://shop1465287851450.1688.com;https://detail.1688.com/offer/615451403353.html
义乌市武秀电子商务商行;https://wuxiuzhimao.1688.com;https://detail.1688.com/offer/617258976670.html
义乌市曼艺贸易有限公司;https://shop5i92q7652e3x2.1688.com;https://detail.1688.com/offer/616056539659.html
义乌市旅硕电子商务有限公司;https://lvshuo.1688.com;https://detail.1688.com/offer/634027040579.html
广州市扬梁贸易有限公司;https://shop1779886184535.1688.com;https://detail.1688.com/offer/638935138506.html
义乌市响购针织有限公司;https://shop40602099v2k38.1688.com;https://detail.1688.com/offer/611704866836.html
义乌吉康贸易有限公司;https://shop4l5i0099l0043.1688.com;https://detail.1688.com/offer/639314427260.html
义乌市维裳服饰厂;https://shop0j154lg132997.1688.com;https://detail.1688.com/offer/612357285359.html
义乌市能香服饰商行;https://nengxianghat.1688.com;https://detail.1688.com/offer/652664626952.html
义乌市雅艺帽业有限公司;https://yyhats.1688.com;https://detail.1688.com/offer/650783613509.html
台州市黄岩恒胜帽厂;https://shop1441172960339.1688.com;https://detail.1688.com/offer/613327809143.html
义乌市星利服饰厂;https://shop108g48i6995h7.1688.com;https://detail.1688.com/offer/616873742787.html
义乌市祺朗商贸有限公司;https://shop1692d85922dj3.1688.com;https://detail.1688.com/offer/617127091457.html
库汉江;https://kuhanjiang.1688.com;https://detail.1688.com/offer/655555891226.html
义乌巴谷贸易有限公司;https://shop1555960p76272.1688.com;https://detail.1688.com/offer/641561041379.html
浦江旭洋商贸有限公司;https://shop1194h2k409950.1688.com;https://detail.1688.com/offer/640035094986.html
义乌市喀丹电子商务商行;https://shop8703pf679k192.1688.com;https://detail.1688.com/offer/650502777243.html
义乌市凯曼服饰厂;https://shop1j758m1289c20.1688.com;https://detail.1688.com/offer/619071683622.html
义乌市麦沐服饰有限公司;https://moonyuf.1688.com;https://detail.1688.com/offer/614381574404.html
义乌市聂轩电子商务有限公司;https://shop1458233015537.1688.com;https://detail.1688.com/offer/612906892377.html
义乌市昂坤服饰有限公司;https://shop818213c3w3668.1688.com;https://detail.1688.com/offer/653765655096.html
揭阳市百正科技有限公司;https://shop88036877058s4.1688.com;https://detail.1688.com/offer/651897571055.html
义乌市鸿迪电子商务商行;https://hongdi666.1688.com;https://detail.1688.com/offer/653057550032.html
义乌市进圳日用品商行;https://shop1451321420568.1688.com;https://detail.1688.com/offer/640239188850.html
义乌市墨迹电子商务商行;https://shop1433160879721.1688.com;https://detail.1688.com/offer/646382027831.html
义乌市瑞馨坊帽子厂;https://shop8513334a08v92.1688.com;https://detail.1688.com/offer/615526355328.html
义乌市嗨帽服饰有限公司;https://shop29r8324498787.1688.com;https://detail.1688.com/offer/624090447607.html
义乌市糖秋服饰有限公司;https://shop1460566053882.1688.com;https://detail.1688.com/offer/615521374389.html
义乌市蕊柔电子商务商行;https://shop1414773994392.1688.com;https://detail.1688.com/offer/613294513085.html
义乌童馨电子商务有限公司;https://shop81598z3163101.1688.com;https://detail.1688.com/offer/636325423321.html
义乌市雨沛服饰有限公司;https://shop953hh763t9820.1688.com;https://detail.1688.com/offer/652936411419.html
义乌市宾久电子商务商行;https://shop1394383923503.1688.com;https://detail.1688.com/offer/649592076375.html
义乌市端玖电子商务商行;https://shop1408725494163.1688.com;https://detail.1688.com/offer/652695093687.html
义乌市臻魅服饰有限公司;https://shop01925318x8417.1688.com;https://detail.1688.com/offer/650289448621.html
义乌市华睦日用百货有限公司;https://shop98c8h7618i507.1688.com;https://detail.1688.com/offer/640724883922.html
义乌市远成贸易有限公司;https://shop140436h769jw7.1688.com;https://detail.1688.com/offer/615535659315.html
昆山汉伯工艺品有限公司;https://hamber2010.1688.com;https://detail.1688.com/offer/644268589852.html
义乌市松南进出口有限公司;https://shop1364461804175.1688.com;https://detail.1688.com/offer/636445190347.html
义乌市聚博服饰有限公司;https://shop29l46t69983s6.1688.com;https://detail.1688.com/offer/615646389598.html
台州熊奶喵贸易有限公司;https://shop65pct4p56s874.1688.com;https://detail.1688.com/offer/639471153283.html
义乌市昂星服饰有限公司;https://shop6k833j335k424.1688.com;https://detail.1688.com/offer/652505352257.html
义乌市爱戴贸易有限公司;https://shop4182ka61271n1.1688.com;https://detail.1688.com/offer/618408123453.html
义乌市浩多电子商务有限公司;https://haoduoshangcheng.1688.com;https://detail.1688.com/offer/612715727608.html
义乌市季聪电子商务商行;https://shop1458665950746.1688.com;https://detail.1688.com/offer/611359690864.html
义乌市奋创电子商务有限公司;https://fenchuangdzsw.1688.com;https://detail.1688.com/offer/643026576309.html
台州市国鼎帽业有限公司;https://tzgdkaty.1688.com;https://detail.1688.com/offer/614014806712.html
浙江凝茗裳服装有限公司;https://shop80wd07512g370.1688.com;https://detail.1688.com/offer/639633713317.html
东阳市白云听涛电子商务商行;https://lc8023pxj.1688.com;https://detail.1688.com/offer/651256608393.html
义乌市佳迅帽业有限公司;https://ywjxmy.1688.com;https://detail.1688.com/offer/612754048599.html
桐庐盛美服饰有限公司;https://someiaccessories.1688.com;https://detail.1688.com/offer/638219253097.html
义乌市吕奕电子商务有限公司;https://shop1429030661256.1688.com;https://detail.1688.com/offer/614619291613.html
东阳市康穆电子商务商行;https://shop645221x7463x2.1688.com;https://detail.1688.com/offer/641982170015.html
义乌市健彩电子商务有限公司;https://shop8t6v999783485.1688.com;https://detail.1688.com/offer/644905018667.html
义乌市采梦服装厂;https://fushi16888.1688.com;https://detail.1688.com/offer/617732529708.html
义乌市耀艺针织品有限公司;https://shop72766151mu7m7.1688.com;https://detail.1688.com/offer/613933430925.html
义乌市增涵电子商务有限公司;https://shop1457628857597.1688.com;https://detail.1688.com/offer/611052654073.html
诸暨市慕冉针织厂;https://shop8l48444030y84.1688.com;https://detail.1688.com/offer/640023064167.html
义乌市路甜服饰有限公司;https://shop2335d05888950.1688.com;https://detail.1688.com/offer/620064576437.html
银川市沃华天康网络科技有限公司;https://shop2854735390454.1688.com;https://detail.1688.com/offer/641869123155.html
义乌市选成贸易有限公司;https://shop111a5455894u8.1688.com;https://detail.1688.com/offer/642204979833.html
义乌创耀贸易有限公司;https://shop56206b4v00470.1688.com;https://detail.1688.com/offer/613896530876.html
义乌市淼萱电子商务商行;https://shop1346490289675.1688.com;https://detail.1688.com/offer/613145805901.html
义乌晗聪贸易有限公司;https://shop243i86511i209.1688.com;https://detail.1688.com/offer/638677466517.html
桐庐锦禾针纺有限公司;https://jinheknitting.1688.com;https://detail.1688.com/offer/648995960803.html
义乌市秋合电子商务商行;https://shop910o809r95657.1688.com;https://detail.1688.com/offer/638054148198.html
佛山市禅城区春瑞纺织品商店;https://lanhai888.1688.com;https://detail.1688.com/offer/615452060317.html
义乌市奕箐电子商务商行;https://shop3907q9l1l2486.1688.com;https://detail.1688.com/offer/614161971394.html
义乌市伊邺服饰厂;https://shop189f240351994.1688.com;https://detail.1688.com/offer/642777687910.html
义乌市左蒂电子商务商行;https://shop5f7087wz91372.1688.com;https://detail.1688.com/offer/650299814105.html
义乌市基尼服饰有限公司;https://shop0z39v24243987.1688.com;https://detail.1688.com/offer/640243045995.html
义乌市喜鞍电子商务商行;https://shop7142624x59618.1688.com;https://detail.1688.com/offer/624185134863.html
义乌市豆紫贸易有限公司;https://shop14p1557682267.1688.com;https://detail.1688.com/offer/641649021279.html
义乌市南轩松电子商务商行;https://mtx1913.1688.com;https://detail.1688.com/offer/648615343836.html
义乌市黛岚美电子商务商行;https://shop7r1833n023f09.1688.com;https://detail.1688.com/offer/640244515330.html
义乌市睿迪电子商务商行;https://shop5042g4gp39273.1688.com;https://detail.1688.com/offer/632267838201.html
义乌市曦鸿服饰有限公司;https://shop5481n8486eo12.1688.com;https://detail.1688.com/offer/641429597087.html
义乌市予画贸易有限公司;https://hancan.1688.com;https://detail.1688.com/offer/631233509402.html
义乌市辉宇贸易有限公司;https://shop2802373253181.1688.com;https://detail.1688.com/offer/655817230674.html
义乌市奈看贸易有限公司;https://shop3z8d3282z6039.1688.com;https://detail.1688.com/offer/650750366640.html
义乌市能香家居用品商行;https://nengxiangjiaju.1688.com;https://detail.1688.com/offer/652668438366.html
义乌市黑羊电子商务商行;https://heiyangweijin.1688.com;https://detail.1688.com/offer/643320702945.html
义乌市季诺电子商务商行;https://shop1421142251255.1688.com;https://detail.1688.com/offer/639108554219.html
义乌市嘟龙电子商务有限公司;https://shop1384793550809.1688.com;https://detail.1688.com/offer/615357396727.html
义乌市娇葛电子商务商行;https://shop1393606444554.1688.com;https://detail.1688.com/offer/613255175369.html
义乌市美泉电子商务有限公司;https://shop53z90z1z31321.1688.com;https://detail.1688.com/offer/651364737724.html
俞东;https://shop2282377525447.1688.com;https://detail.1688.com/offer/645606693362.html
义乌双硕服饰有限公司;https://shop6614f66b03101.1688.com;https://detail.1688.com/offer/643334625759.html
义乌市梓柠贸易有限公司;https://shop5ec55485a0786.1688.com;https://detail.1688.com/offer/649026872158.html
义乌市火兴帽业有限公司;https://yhx26358.1688.com;https://detail.1688.com/offer/613379393527.html
义乌市嘉玟贸易有限公司;https://shop6p3iy47854759.1688.com;https://detail.1688.com/offer/639736211381.html
义乌市曜发电子商务商行;https://shop21306d460x504.1688.com;https://detail.1688.com/offer/650623566604.html
义乌市能香服饰商行;https://nengxianghat.1688.com;https://detail.1688.com/offer/652664626952.html
广州淳隆建材贸易有限公司;https://shop066e660cb3999.1688.com;https://detail.1688.com/offer/640611959560.html
义乌市默凯电子商务商行;https://shop1456764746511.1688.com;https://detail.1688.com/offer/612757090005.html
义乌市酷路泽帽业有限公司;https://kuluze9.1688.com;https://detail.1688.com/offer/634795792808.html
义乌吉康贸易有限公司;https://shop4l5i0099l0043.1688.com;https://detail.1688.com/offer/639314427260.html
义乌市划岩电子商务有限公司;https://taideng2000.1688.com;https://detail.1688.com/offer/611058975569.html
义乌市旅硕电子商务有限公司;https://lvshuo.1688.com;https://detail.1688.com/offer/634027040579.html
金华市越洪服饰有限公司;https://shop3c98311526i98.1688.com;https://detail.1688.com/offer/614732669784.html
义乌市麦沐服饰有限公司;https://moonyuf.1688.com;https://detail.1688.com/offer/614381574404.html
义乌市臻爱贸易有限公司;https://shop9f10879ft5245.1688.com;https://detail.1688.com/offer/614777843475.html
义乌市司辰针织厂;https://shop1465287851450.1688.com;https://detail.1688.com/offer/615451403353.html
义乌市曼艺贸易有限公司;https://shop5i92q7652e3x2.1688.com;https://detail.1688.com/offer/616056539659.html
义乌市响购针织有限公司;https://shop40602099v2k38.1688.com;https://detail.1688.com/offer/611704866836.html
义乌市嗨帽服饰有限公司;https://shop29r8324498787.1688.com;https://detail.1688.com/offer/625658183990.html
义乌市红禾贸易有限公司;https://honghefashion.1688.com;https://detail.1688.com/offer/640862013476.html
义乌市琅君针织有限公司;https://shop525r47426d7d2.1688.com;https://detail.1688.com/offer/641553975191.html
义乌市顺玛电子商务商行;https://shop54g0r57692404.1688.com;https://detail.1688.com/offer/640111246706.html
义乌市佩派帽业有限公司;https://shop1392742383331.1688.com;https://detail.1688.com/offer/621965350024.html
义乌市濋玖电子商务有限公司;https://shop1493743791850.1688.com;https://detail.1688.com/offer/651759549537.html
揭阳市百正科技有限公司;https://shop88036877058s4.1688.com;https://detail.1688.com/offer/651897571055.html
义乌市良娥电子商务商行;https://shop1446223695970.1688.com;https://detail.1688.com/offer/644818634806.html
义乌圆斌服饰有限公司;https://shop1467125344661.1688.com;https://detail.1688.com/offer/614518439893.html
义乌市进圳日用品商行;https://shop1451321420568.1688.com;https://detail.1688.com/offer/640239188850.html
义乌市念卡电子商务商行;https://shop1559i0k364153.1688.com;https://detail.1688.com/offer/614821478388.html
义乌市倪罗诗贸易有限公司;https://15215856213.1688.com;https://detail.1688.com/offer/613583510125.html
义乌市行拓电子商务商行;https://shop5431u28068v23.1688.com;https://detail.1688.com/offer/650181958507.html
青岛冠品帽业有限公司;https://guanpinzhimao.1688.com;https://detail.1688.com/offer/615630621200.html
广州市扬梁贸易有限公司;https://shop1779886184535.1688.com;https://detail.1688.com/offer/638935138506.html
义乌市禾竹科技有限公司;https://shop8f355634v3383.1688.com;https://detail.1688.com/offer/649949254978.html
皮皮豆妞湖北电子商务有限公司;https://shop243428k9604r6.1688.com;https://detail.1688.com/offer/648408320019.html
台州市黄岩恒胜帽厂;https://shop1441172960339.1688.com;https://detail.1688.com/offer/613327809143.html
义乌市维裳服饰厂;https://shop0j154lg132997.1688.com;https://detail.1688.com/offer/612357285359.html
义乌市涉趣电子商务商行;https://shop2m31653xf8265.1688.com;https://detail.1688.com/offer/643955561333.html
库汉江;https://kuhanjiang.1688.com;https://detail.1688.com/offer/655555891226.html
昆山汉伯工艺品有限公司;https://hamber2010.1688.com;https://detail.1688.com/offer/644268589852.html
义乌市兆充电子商务商行;https://shop003641n56n930.1688.com;https://detail.1688.com/offer/650285409140.html
广州南沙区林革网络科技有限公司;https://shop0473349825684.1688.com;https://detail.1688.com/offer/646036499871.html
义乌市聪赢服装有限公司;https://congying888.1688.com;https://detail.1688.com/offer/613960047742.html
义乌市雨沛服饰有限公司;https://shop953hh763t9820.1688.com;https://detail.1688.com/offer/652936411419.html
义乌市武秀电子商务商行;https://wuxiuzhimao.1688.com;https://detail.1688.com/offer/617258976670.html
义乌市星利服饰厂;https://shop108g48i6995h7.1688.com;https://detail.1688.com/offer/616873742787.html
义乌市祺朗商贸有限公司;https://shop1692d85922dj3.1688.com;https://detail.1688.com/offer/617127091457.html
广州市梅香电子商务商行;https://shop1c961z1333580.1688.com;https://detail.1688.com/offer/648933121327.html
义乌市雅艺帽业有限公司;https://yyhats.1688.com;https://detail.1688.com/offer/650783613509.html
义乌市圆斌电子商务商行;https://shop329n54z04i750.1688.com;https://detail.1688.com/offer/626117852566.html
义乌童馨电子商务有限公司;https://shop81598z3163101.1688.com;https://detail.1688.com/offer/611860909665.html
义乌市鸿燊商贸有限公司;https://shop94612458e4278.1688.com;https://detail.1688.com/offer/644109271087.html
义乌市昂坤服饰有限公司;https://shop818213c3w3668.1688.com;https://detail.1688.com/offer/653765655096.html
义乌市江艺电子商务商行;https://shop1492767982508.1688.com;https://detail.1688.com/offer/610445653228.html
义乌市鸿迪电子商务商行;https://hongdi666.1688.com;https://detail.1688.com/offer/653057550032.html
义乌市纳邵服饰有限公司;https://shop393588350.1688.com;https://detail.1688.com/offer/618036984781.html
义乌市墨迹电子商务商行;https://shop1433160879721.1688.com;https://detail.1688.com/offer/646382027831.html
义乌市糖秋服饰有限公司;https://shop1460566053882.1688.com;https://detail.1688.com/offer/615521374389.html
义乌市喀丹电子商务商行;https://shop8703pf679k192.1688.com;https://detail.1688.com/offer/650502777243.html
义乌市华睦日用百货有限公司;https://shop98c8h7618i507.1688.com;https://detail.1688.com/offer/640724883922.html
义乌市凯曼服饰厂;https://shop1j758m1289c20.1688.com;https://detail.1688.com/offer/619071683622.html
义乌市松南进出口有限公司;https://shop1364461804175.1688.com;https://detail.1688.com/offer/636445190347.html
义乌市端玖电子商务商行;https://shop1408725494163.1688.com;https://detail.1688.com/offer/652695093687.html
义乌市宾久电子商务商行;https://shop1394383923503.1688.com;https://detail.1688.com/offer/649592076375.html
义乌市昂星服饰有限公司;https://shop6k833j335k424.1688.com;https://detail.1688.com/offer/652505352257.html
义乌市远成贸易有限公司;https://shop140436h769jw7.1688.com;https://detail.1688.com/offer/615535659315.html
台州市国鼎帽业有限公司;https://tzgdkaty.1688.com;https://detail.1688.com/offer/614014806712.html
东阳市白云听涛电子商务商行;https://lc8023pxj.1688.com;https://detail.1688.com/offer/651256608393.html
义乌市简明商贸有限公司;https://kouyuansu.1688.com;https://detail.1688.com/offer/617016675385.html
义乌市伊邺服饰厂;https://shop189f240351994.1688.com;https://detail.1688.com/offer/642777687910.html
义乌市聚博服饰有限公司;https://shop29l46t69983s6.1688.com;https://detail.1688.com/offer/615646389598.html
义乌市选成贸易有限公司;https://shop111a5455894u8.1688.com;https://detail.1688.com/offer/642204979833.html
义乌市浩多电子商务有限公司;https://haoduoshangcheng.1688.com;https://detail.1688.com/offer/612715727608.html
义乌市奕箐电子商务商行;https://shop3907q9l1l2486.1688.com;https://detail.1688.com/offer/614161971394.html
义乌市爱戴贸易有限公司;https://shop4182ka61271n1.1688.com;https://detail.1688.com/offer/618408123453.html
义乌市臻魅服饰有限公司;https://shop01925318x8417.1688.com;https://detail.1688.com/offer/650289448621.html
义乌市佳迅帽业有限公司;https://ywjxmy.1688.com;https://detail.1688.com/offer/612754048599.html
义乌市乾攻电子商务商行;https://qiangong520.1688.com;https://detail.1688.com/offer/611199310113.html
义乌市吕奕电子商务有限公司;https://shop1429030661256.1688.com;https://detail.1688.com/offer/614619291613.html
义乌市秋合电子商务商行;https://shop910o809r95657.1688.com;https://detail.1688.com/offer/636252704701.html
东阳市康穆电子商务商行;https://shop645221x7463x2.1688.com;https://detail.1688.com/offer/641982170015.html
义乌市采梦服装厂;https://fushi16888.1688.com;https://detail.1688.com/offer/617732529708.html
义乌市蕊柔电子商务商行;https://shop1414773994392.1688.com;https://detail.1688.com/offer/613294513085.html
义乌市增涵电子商务有限公司;https://shop1457628857597.1688.com;https://detail.1688.com/offer/611052654073.html
诸暨市慕冉针织厂;https://shop8l48444030y84.1688.com;https://detail.1688.com/offer/640023064167.html
义乌市路甜服饰有限公司;https://shop2335d05888950.1688.com;https://detail.1688.com/offer/620064576437.html
义乌市左蒂电子商务商行;https://shop5f7087wz91372.1688.com;https://detail.1688.com/offer/650299814105.html
浙江凝茗裳服装有限公司;https://shop80wd07512g370.1688.com;https://detail.1688.com/offer/639633713317.html
义乌创耀贸易有限公司;https://shop56206b4v00470.1688.com;https://detail.1688.com/offer/613896530876.html
义乌市淼萱电子商务商行;https://shop1346490289675.1688.com;https://detail.1688.com/offer/613145805901.html
义乌市奈良服饰有限公司;https://shop1467049342372.1688.com;https://detail.1688.com/offer/610675581759.html
义乌晗聪贸易有限公司;https://shop243i86511i209.1688.com;https://detail.1688.com/offer/638677466517.html
银川市沃华天康网络科技有限公司;https://shop2854735390454.1688.com;https://detail.1688.com/offer/641869123155.html
义乌市涤沁电子商务商行;https://shop284350e0n2558.1688.com;https://detail.1688.com/offer/643108898936.html
广州聪业贸易有限公司;https://shop290ap2849f553.1688.com;https://detail.1688.com/offer/640511343388.html
广州绍陵建材有限公司;https://shop85306ef323204.1688.com;https://detail.1688.com/offer/640173698571.html
佛山市禅城区春瑞纺织品商店;https://lanhai888.1688.com;https://detail.1688.com/offer/615452060317.html
义乌市莜品贸易有限公司;https://shop2199753289357.1688.com;https://detail.1688.com/offer/615741921686.html
义乌市豆紫贸易有限公司;https://shop14p1557682267.1688.com;https://detail.1688.com/offer/641649021279.html
义乌市萱貌服饰有限公司;https://shop321f25s977677.1688.com;https://detail.1688.com/offer/624122737058.html
义乌市佩派帽业有限公司;https://shop1392742383331.1688.com;https://detail.1688.com/offer/621965350024.html
义乌市睿迪电子商务商行;https://shop5042g4gp39273.1688.com;https://detail.1688.com/offer/632267838201.html
义乌市良娥电子商务商行;https://shop1446223695970.1688.com;https://detail.1688.com/offer/644818634806.html
义乌市纳邵服饰有限公司;https://shop393588350.1688.com;https://detail.1688.com/offer/618036984781.html
义乌市念卡电子商务商行;https://shop1559i0k364153.1688.com;https://detail.1688.com/offer/614821478388.html
义乌市嗨帽服饰有限公司;https://shop29r8324498787.1688.com;https://detail.1688.com/offer/624090447607.html
义乌市蕊柔电子商务商行;https://shop1414773994392.1688.com;https://detail.1688.com/offer/613294513085.html
广州淳隆建材贸易有限公司;https://shop066e660cb3999.1688.com;https://detail.1688.com/offer/639572252158.html
义乌双硕服饰有限公司;https://shop6614f66b03101.1688.com;https://detail.1688.com/offer/643334625759.html
义乌市火兴帽业有限公司;https://yhx26358.1688.com;https://detail.1688.com/offer/613379393527.html
青岛冠品帽业有限公司;https://guanpinzhimao.1688.com;https://detail.1688.com/offer/615630621200.html
义乌市凯曼服饰厂;https://shop1j758m1289c20.1688.com;https://detail.1688.com/offer/619071683622.html
义乌市喀丹电子商务商行;https://shop8703pf679k192.1688.com;https://detail.1688.com/offer/650502777243.html
义乌市爱戴贸易有限公司;https://shop4182ka61271n1.1688.com;https://detail.1688.com/offer/618408123453.html
义乌市曜发电子商务商行;https://shop21306d460x504.1688.com;https://detail.1688.com/offer/650623566604.html
义乌市曼艺贸易有限公司;https://shop5i92q7652e3x2.1688.com;https://detail.1688.com/offer/616056539659.html
义乌市臻爱贸易有限公司;https://shop9f10879ft5245.1688.com;https://detail.1688.com/offer/614777843475.html
义乌市司辰针织厂;https://shop1465287851450.1688.com;https://detail.1688.com/offer/615451403353.html
义乌童馨电子商务有限公司;https://shop81598z3163101.1688.com;https://detail.1688.com/offer/611860909665.html
义乌市红禾贸易有限公司;https://honghefashion.1688.com;https://detail.1688.com/offer/640862013476.html
广州南沙区林革网络科技有限公司;https://shop0473349825684.1688.com;https://detail.1688.com/offer/646036499871.html
义乌市顺玛电子商务商行;https://shop54g0r57692404.1688.com;https://detail.1688.com/offer/640111246706.html
义乌市武秀电子商务商行;https://wuxiuzhimao.1688.com;https://detail.1688.com/offer/617258976670.html
义乌市默凯电子商务商行;https://shop1456764746511.1688.com;https://detail.1688.com/offer/612757090005.html
台州熊奶喵贸易有限公司;https://shop65pct4p56s874.1688.com;https://detail.1688.com/offer/639471153283.html
广州市梅香电子商务商行;https://shop1c961z1333580.1688.com;https://detail.1688.com/offer/648933121327.html
义乌市嘉玟贸易有限公司;https://shop6p3iy47854759.1688.com;https://detail.1688.com/offer/639736211381.html
义乌市星利服饰厂;https://shop108g48i6995h7.1688.com;https://detail.1688.com/offer/616873742787.html
义乌市南轩松电子商务商行;https://mtx1913.1688.com;https://detail.1688.com/offer/648615343836.html
义乌市鸿燊商贸有限公司;https://shop94612458e4278.1688.com;https://detail.1688.com/offer/644109271087.html
义乌市濋玖电子商务有限公司;https://shop1493743791850.1688.com;https://detail.1688.com/offer/651759549537.html
义乌市予画贸易有限公司;https://hancan.1688.com;https://detail.1688.com/offer/631233509402.html
义乌市辉宇贸易有限公司;https://shop2802373253181.1688.com;https://detail.1688.com/offer/655817230674.html
义乌市鸿迪电子商务商行;https://hongdi666.1688.com;https://detail.1688.com/offer/653057550032.html
义乌市能香家居用品商行;https://nengxiangjiaju.1688.com;https://detail.1688.com/offer/652668438366.html
义乌市糖秋服饰有限公司;https://shop1460566053882.1688.com;https://detail.1688.com/offer/615521374389.html
义乌市嘟龙电子商务有限公司;https://shop1384793550809.1688.com;https://detail.1688.com/offer/615357396727.html
义乌吉康贸易有限公司;https://shop4l5i0099l0043.1688.com;https://detail.1688.com/offer/639890727613.html
俞东;https://shop2282377525447.1688.com;https://detail.1688.com/offer/645606693362.html
义乌市聚博服饰有限公司;https://shop29l46t69983s6.1688.com;https://detail.1688.com/offer/615646389598.html
义乌市浩多电子商务有限公司;https://haoduoshangcheng.1688.com;https://detail.1688.com/offer/612715727608.html
义乌市麦沐服饰有限公司;https://moonyuf.1688.com;https://detail.1688.com/offer/614381574404.html
广州市扬梁贸易有限公司;https://shop1779886184535.1688.com;https://detail.1688.com/offer/638935138506.html
台州市黄岩恒胜帽厂;https://shop1441172960339.1688.com;https://detail.1688.com/offer/613327809143.html
义乌市禾竹科技有限公司;https://shop8f355634v3383.1688.com;https://detail.1688.com/offer/649949254978.html
义乌市琅君针织有限公司;https://shop525r47426d7d2.1688.com;https://detail.1688.com/offer/641553975191.html
义乌市维裳服饰厂;https://shop0j154lg132997.1688.com;https://detail.1688.com/offer/612357285359.html
义乌市奋创电子商务有限公司;https://fenchuangdzsw.1688.com;https://detail.1688.com/offer/643026576309.html
义乌市选成贸易有限公司;https://shop111a5455894u8.1688.com;https://detail.1688.com/offer/642204979833.html
义乌市涉趣电子商务商行;https://shop2m31653xf8265.1688.com;https://detail.1688.com/offer/643955561333.html
义乌市聂轩电子商务有限公司;https://shop1458233015537.1688.com;https://detail.1688.com/offer/612906892377.html
库汉江;https://kuhanjiang.1688.com;https://detail.1688.com/offer/655555891226.html
义乌市聪赢服装有限公司;https://congying888.1688.com;https://detail.1688.com/offer/613960047742.html
义乌市雨沛服饰有限公司;https://shop953hh763t9820.1688.com;https://detail.1688.com/offer/652936411419.html
义乌市臻魅服饰有限公司;https://shop01925318x8417.1688.com;https://detail.1688.com/offer/650289448621.html
义乌市能香服饰商行;https://nengxianghat.1688.com;https://detail.1688.com/offer/652664626952.html
义乌市远成贸易有限公司;https://shop140436h769jw7.1688.com;https://detail.1688.com/offer/615535659315.html
昆山汉伯工艺品有限公司;https://hamber2010.1688.com;https://detail.1688.com/offer/644268589852.html
金华市越洪服饰有限公司;https://shop3c98311526i98.1688.com;https://detail.1688.com/offer/614732669784.html
义乌市划岩电子商务有限公司;https://taideng2000.1688.com;https://detail.1688.com/offer/611058975569.html
义乌市黛岚美电子商务商行;https://shop7r1833n023f09.1688.com;https://detail.1688.com/offer/640244515330.html
义乌市乾攻电子商务商行;https://qiangong520.1688.com;https://detail.1688.com/offer/611199310113.html
义乌市吕奕电子商务有限公司;https://shop1429030661256.1688.com;https://detail.1688.com/offer/614619291613.html
义乌市曦鸿服饰有限公司;https://shop5481n8486eo12.1688.com;https://detail.1688.com/offer/641429597087.html
义乌市进圳日用品商行;https://shop1451321420568.1688.com;https://detail.1688.com/offer/640239188850.html
义乌市奈看贸易有限公司;https://shop3z8d3282z6039.1688.com;https://detail.1688.com/offer/650750366640.html
义乌市秋合电子商务商行;https://shop910o809r95657.1688.com;https://detail.1688.com/offer/636252704701.html
义乌市黑羊电子商务商行;https://heiyangweijin.1688.com;https://detail.1688.com/offer/643320702945.html
义乌市墨迹电子商务商行;https://shop1433160879721.1688.com;https://detail.1688.com/offer/646382027831.html
义乌市季诺电子商务商行;https://shop1421142251255.1688.com;https://detail.1688.com/offer/639108554219.html
义乌市瑞馨坊帽子厂;https://shop8513334a08v92.1688.com;https://detail.1688.com/offer/615526355328.html
义乌市倪罗诗贸易有限公司;https://15215856213.1688.com;https://detail.1688.com/offer/613583510125.html
义乌市行拓电子商务商行;https://shop5431u28068v23.1688.com;https://detail.1688.com/offer/650181958507.html
义乌市采梦服装厂;https://fushi16888.1688.com;https://detail.1688.com/offer/617732529708.html
诸暨市慕冉针织厂;https://shop8l48444030y84.1688.com;https://detail.1688.com/offer/640023064167.html
义乌市梓柠贸易有限公司;https://shop5ec55485a0786.1688.com;https://detail.1688.com/offer/649026872158.html
义乌市慕古针织厂;https://shop16b455nb65157.1688.com;https://detail.1688.com/offer/640004389852.html
义乌市昂星服饰有限公司;https://shop6k833j335k424.1688.com;https://detail.1688.com/offer/652505352257.html
义乌市圆斌电子商务商行;https://shop329n54z04i750.1688.com;https://detail.1688.com/offer/626117852566.html
义乌巴谷贸易有限公司;https://shop1555960p76272.1688.com;https://detail.1688.com/offer/641561041379.html
浦江旭洋商贸有限公司;https://shop1194h2k409950.1688.com;https://detail.1688.com/offer/640035094986.html
义乌市响购针织有限公司;https://shop40602099v2k38.1688.com;https://detail.1688.com/offer/611704866836.html
义乌市酷路泽帽业有限公司;https://kuluze9.1688.com;https://detail.1688.com/offer/634795792808.html
义乌市华睦日用百货有限公司;https://shop98c8h7618i507.1688.com;https://detail.1688.com/offer/640724883922.html
义乌市端玖电子商务商行;https://shop1408725494163.1688.com;https://detail.1688.com/offer/652695093687.html
义乌市宾久电子商务商行;https://shop1394383923503.1688.com;https://detail.1688.com/offer/649592076375.html
义乌市旅硕电子商务有限公司;https://lvshuo.1688.com;https://detail.1688.com/offer/634027040579.html
义乌市莜品贸易有限公司;https://shop2199753289357.1688.com;https://detail.1688.com/offer/615741921686.html
义乌市佳迅帽业有限公司;https://ywjxmy.1688.com;https://detail.1688.com/offer/612754048599.html
桐庐盛美服饰有限公司;https://someiaccessories.1688.com;https://detail.1688.com/offer/638219253097.html
揭阳市百正科技有限公司;https://shop88036877058s4.1688.com;https://detail.1688.com/offer/651897571055.html
义乌市江艺电子商务商行;https://shop1492767982508.1688.com;https://detail.1688.com/offer/610445653228.html
东阳市康穆电子商务商行;https://shop645221x7463x2.1688.com;https://detail.1688.com/offer/641982170015.html
义乌市健彩电子商务有限公司;https://shop8t6v999783485.1688.com;https://detail.1688.com/offer/644905018667.html
义乌市耀艺针织品有限公司;https://shop72766151mu7m7.1688.com;https://detail.1688.com/offer/613933430925.html
义乌市路甜服饰有限公司;https://shop2335d05888950.1688.com;https://detail.1688.com/offer/620064576437.html
台州市国鼎帽业有限公司;https://tzgdkaty.1688.com;https://detail.1688.com/offer/614014806712.html
银川市沃华天康网络科技有限公司;https://shop2854735390454.1688.com;https://detail.1688.com/offer/641868843228.html
义乌市简明商贸有限公司;https://kouyuansu.1688.com;https://detail.1688.com/offer/617016675385.html
义乌市雅艺帽业有限公司;https://yyhats.1688.com;https://detail.1688.com/offer/650783613509.html
义乌市奕箐电子商务商行;https://shop3907q9l1l2486.1688.com;https://detail.1688.com/offer/614161971394.html
义乌市左蒂电子商务商行;https://shop5f7087wz91372.1688.com;https://detail.1688.com/offer/650299814105.html
义乌市松南进出口有限公司;https://shop1364461804175.1688.com;https://detail.1688.com/offer/636445190347.html
义乌市豆紫贸易有限公司;https://shop14p1557682267.1688.com;https://detail.1688.com/offer/641649021279.html
义乌市喜鞍电子商务商行;https://shop7142624x59618.1688.com;https://detail.1688.com/offer/624185134863.html
义乌市涤沁电子商务商行;https://shop284350e0n2558.1688.com;https://detail.1688.com/offer/643108898936.html
义乌晗聪贸易有限公司;https://shop243i86511i209.1688.com;https://detail.1688.com/offer/638677466517.html
义乌市基尼服饰有限公司;https://shop0z39v24243987.1688.com;https://detail.1688.com/offer/640243045995.html
佛山市禅城区春瑞纺织品商店;https://lanhai888.1688.com;https://detail.1688.com/offer/615452060317.html
玉林市玉州区庭灵百货店;https://shop0j71b00120138.1688.com;https://detail.1688.com/offer/636378283573.html
义乌市伊邺服饰厂;https://shop189f240351994.1688.com;https://detail.1688.com/offer/642777687910.html
广州聪业贸易有限公司;https://shop290ap2849f553.1688.com;https://detail.1688.com/offer/640511343388.html
广州市茗峰实业有限公司;https://shop6205ac3526s02.1688.com;https://detail.1688.com/offer/644168087547.html
桐庐锦禾针纺有限公司;https://jinheknitting.1688.com;https://detail.1688.com/offer/648995960803.html
